{
    "cards": [
        {
            "id": "0",
            "title": "LOG CABIN  ",
            "description": "Lorem ipsum dolor sit amet consectetur adipisicing elit. Architecto facere vero consectetur itaque molestiae perspiciatis porro alias iure exercitationem quibusdam?",
            "link": "https://modest-ramanujan-f625b4.netlify.app/",
            "photo": "/images/cabin.png",
            "HashId":"/#1"
        },
        {
            "id": "1",
            "title": "TASTY CAKE",
            "description": "Lorem ipsum dolor sit amet consectetur adipisicing elit. Architecto facere vero consectetur itaque molestiae perspiciatis porro alias iure exercitationem quibusdam?",
            "link": "https://modest-ramanujan-f625b4.netlify.app/",
            "photo": "/images/cake.png",
            "HashId":"/#2"

        },
        {
            "id": "2",
            "title": "CIRCUS TENT",
            "description": "Lorem ipsum dolor sit amet consectetur adipisicing elit. Architecto facere vero consectetur itaque molestiae perspiciatis porro alias iure exercitationem quibusdam?",
            "link": "https://modest-ramanujan-f625b4.netlify.app/",
            "photo": "/images/circus.png",
            "HashId":"/#3"
        },
        {
            "id": "3",
            "title": "CONTROLLER",
            "description": "Lorem ipsum dolor sit amet consectetur adipisicing elit. Architecto facere vero consectetur itaque molestiae perspiciatis porro alias iure exercitationem quibusdam?",
            "link": "https://modest-ramanujan-f625b4.netlify.app/",
            "photo": "/images/game.png",
            "HashId":"/#4"
        },
        {
            "id": "4",
            "title": "LOCKED SAFE",
            "description": "Lorem ipsum dolor sit amet consectetur adipisicing elit. Architecto facere vero consectetur itaque molestiae perspiciatis porro alias iure exercitationem quibusdam?",
            "link": "https://modest-ramanujan-f625b4.netlify.app/",
            "photo": "/images/safe.png",
            "HashId":"/#5"
        },
        {
            "id": "5",
            "title": "SUBMARINE",
            "description": "Lorem ipsum dolor sit amet consectetur adipisicing elit. Architecto facere vero consectetur itaque molestiae perspiciatis porro alias iure exercitationem quibusdam?",
            "link": "https://modest-ramanujan-f625b4.netlify.app/",
            "photo": "/images/submarine.png",
            "HashId":"/#6"
        }
        
    ]
    
}

    
